,artist_name,track_name,track_id,popularity
0,Drake,Toosie Slide,127QTOFJsJQp5LbJbu3A1y,98
1,Future,Life Is Good (feat. Drake),5yY9lUy8nbvjM1Uyo1Uqoc,94
2,Drake,Money In The Grave (Drake ft. Rick Ross),5ry2OE6R2zPQFDO85XkgRb,87
3,Meek Mill,Going Bad (feat. Drake),2IRZnDFmlqMuOrYOLnZZyc,84
4,Lil Baby,Yes Indeed,6vN77lE9LK6HP2DewaN6HZ,81
5,Chris Brown,No Guidance (feat. Drake),6XHVuErjQ4XNm6nDPVCxVX,82
6,Drake,God's Plan,6DCZcSspjsKoFjzjrWoCdn,85
7,Drake,Nonstop,0TlLq3lA83rQOYtrqBqSct,82
8,Summer Walker,Girls Need Love (with Drake) - Remix,14SaZBTjxlorHJQxXh01Hu,80
9,Drake,Nice For What,3CA9pLiwRIGtUBiMjbZmRw,81
10,The Weeknd,Blinding Lights,0VjIjW4GlUZAMYd2vXMi3b,99
11,The Weeknd,In Your Eyes,7szuecWAPwGoV1e5vGu8tl,93
12,The Weeknd,After Hours,2p8IUWQDrpjuFltbdgLOag,88
13,The Weeknd,Heartless,6bnF93Rx87YqUBLSgjiMU8,86
14,The Weeknd,Save Your Tears,5QO79kh1waicV47BqGRL3g,86
15,The Weeknd,Scared To Live,4BGZF4oLbTL0pWm7C18pbv,83
16,The Weeknd,Hardest To Love,6kWxIqQDsKFYCJGbU4AjCX,83
17,The Weeknd,Starboy,7MXVkk9YMctZqd1Srtv4MB,85
18,The Weeknd,Call Out My Name,09mEdoA6zrmBPgTEN5qXmN,84
19,The Weeknd,Alone Again,6b5P51m8xx2XA6U7sdNZ5E,82
20,Roddy Ricch,The Box,0nbXyq5TXYPCO7pr3N8S4I,100
21,Roddy Ricch,High Fashion (feat. Mustard),07KXEDMj78x68D884wgVEm,91
22,NLE Choppa,Walk Em Down (feat. Roddy Ricch),4cSSL3YafYjM3yjgFO1vJg,89
23,DaBaby,ROCKSTAR (feat. Roddy Ricch),7ytR5pFWmSjzHJIeQkgog4,88
24,Mustard,Ballin' (with Roddy Ricch),3QzAOrNlsabgbMwlZt7TAY,89
26,Roddy Ricch,Down Below,4SWWe2OYC4mqf40Gc2RSdl,79
27,Roddy Ricch,Start Wit Me (feat. Gunna),7A20WnLkjtZU2d7hIB6Ziu,79
28,Roddy Ricch,Tip Toe (feat. A Boogie Wit da Hoodie),6ztvsy3C6hPjVg9j4x1XKJ,78
29,Roddy Ricch,Bacc Seat (feat. Ty Dolla $ign),6In6SkveIw26thdYRhHTVX,78
30,Dua Lipa,Don't Start Now,6WrI0LAC5M1Rw2MnX2ZvEg,97
31,Dua Lipa,Break My Heart,1raaNykBg1bDnWENUiglUA,88
32,Dua Lipa,Physical,3AzjcOeAmA57TIOr9zF1ZW,89
35,Dua Lipa,Levitating,39LLxExYz6ewLAcYrzQQyP,84
37,Dua Lipa,Hallucinate,1nYeVF5vIBxMxfPoL0SIWg,83
38,Dua Lipa,Pretty Please,6DXZiYUbrYgrVIhfX3U9Z2,82
39,Dua Lipa,Cool,2nMOodYNHBAQ3Kc1QNimZU,82
40,Drake,The Future of the Future (feat. Cassettes Won't Listen),23wcSHpB9lRJ4NgfOSc9eU,1
41,Post Malone,Circles,21jGcNKet2qwijlDFuPiPb,95
42,Sam Feldt,Post Malone (feat. RANI),0qc4QlcCxVTGyShurEv1UU,82
43,Post Malone,Sunflower - Spider-Man: Into the Spider-Verse,3KkXRkHbMCARz0aVfEt68P,87
44,Post Malone,Wow.,7xQAfvXzm3AkraOtGPWIZg,87
45,Post Malone,I Fall Apart,75ZvA4QfFiZvzhj2xkaWAh,85
46,Post Malone,rockstar (feat. 21 Savage),0e7ipj03S05BNilyu5bRzt,88
47,Post Malone,Goodbyes (feat. Young Thug),0t3ZvGKlmYmVsDzBJAXK8C,87
48,Justin Bieber,Forever (feat. Post Malone & Clever),2ZlCGeK30BLRNSPC832pNZ,87
49,Post Malone,Better Now,7dt6x5M1jzdTEt8oCbisTK,86
50,Post Malone,Take What You Want (feat. Ozzy Osbourne & Travis Scott),7CZyCXKG6d5ALeq41sLzbw,84
51,Harry Styles,Adore You,1M4qEo4HE3PRaCOM7EXNJq,90
52,Harry Styles,Falling,1ZMiCix7XSAbfAJlEZWMCp,88
54,Harry Styles,Lights Up,4jAIqgrPjKLTY9Gbez25Qb,86
55,Harry Styles,Watermelon Sugar,1e9oZCCiX42nJl0AcqriVo,84
57,Harry Styles,"Sunflower, Vol. 6",6iYMfxznTBlcVOgRHab2W0,79
58,Harry Styles,Golden,45S5WTQEGOB1VHr1Q4FuPl,80
59,Harry Styles,Cherry,2IOFZdYYkFxEHVz1w34PoL,79
60,Harry Styles,To Be So Lonely,5JiH89mHrv9oWHlD0T326z,79
61,Doja Cat,Say So,3Dv1eDb0MEgF93GpLXlucZ,97
62,Doja Cat,Boss Bitch,78qd8dvwea0Gosb6Fe6j3k,93
63,Doja Cat,Like That (feat. Gucci Mane),4EivmOT13NMpNSfTKn9p4s,89
64,Doja Cat,Cyber Sex,1ghvzmzpx2nnrbx7wtpMgo,82
65,Doja Cat,Candy,1VJwtWR6z7SpZRwipI12be,82
66,Doja Cat,Juicy,7f5trao56t7sB7f14QDTmp,79
67,Doja Cat,Tia Tamera (feat. Rico Nasty),1uNePI826aqh9uC9pgbeHU,75
70,Doja Cat,Rules,1TMWcbxL5YF8rKsFHv5hAP,74
71,Billie Eilish,everything i wanted,3ZCTVFBt2Brf31RLEnCkWJ,93
72,Billie Eilish,bad guy,2Fxmhks0bxGSBdJ92vM42m,93
73,Billie Eilish,lovely (with Khalid),0u2P5u6lvoDfwTYjAADbn4,91
74,Billie Eilish,when the party's over,43zdsphuZLzwA9k4DJhU0I,89
75,Billie Eilish,No Time To Die,73SpzrcaHk0RQPFP73vqVR,90
76,Billie Eilish,i love you,6CcJMwBtXByIz4zQLzFkKc,85
77,Billie Eilish,wish you were gay,3Fj47GNK2kUF0uaEDgXLaD,84
78,Billie Eilish,bury a friend,4SSnFejRGlZikf02HLewEF,85
79,Billie Eilish,ocean eyes,7hDVYcQq6MxkdJGweuCtl9,85
80,Billie Eilish,idontwannabeyouanymore,41zXlQxzTi6cGAjpOXyLYH,84
81,Lewis Capaldi,Someone You Loved,7qEHsqek33rTcFNT9PFqLf,94
82,Lewis Capaldi,Before You Go,7ce20yLkzuXXLUhzIDoZih,90
83,Lewis Capaldi,Bruises,4Of7rzpRpV1mWRbhp5rAqG,87
86,Lewis Capaldi,Hold Me While You Wait,6700Z4Izi8EbB6JNthU6Ma,77
88,Lewis Capaldi,Forever,12OLyHDxt6dqlAybSPFBK3,74
89,Lewis Capaldi,when the party's over - Recorded at Spotify Studios NYC,6H7fWtwEUHVfTyZD7zeG4w,75
90,Lewis Capaldi,One,5C1TucCRf4Vjjree1OItyv,74
91,Maren Morris,The Bones,3npzogdOEiVsieXmmhBepL,79
92,Zedd,The Middle,09IStsImFySgyp0pIQdqAc,83
93,Maren Morris,The Bones - with Hozier,1yTTMcUhL7rtz08Dsgb7Qb,79
94,Maren Morris,I Could Use a Love Song,09iyGiljLWRYXdRazFkdtJ,73
95,Maren Morris,GIRL,3y5B5ebFMzEEFqCPOesAXR,70
96,Maren Morris,My Church,1LM5zQv5pBKPyO7rm7Uz6U,71
97,Maren Morris,Rich,4H0vNUFcHPz5lytcLjwqkr,66
98,Maren Morris,To Hell & Back,226TUHo7YO5d5ceR0sg1aG,66
99,Niall Horan,Seeing Blind,65wnZsZLKJimfK1cTFOfa1,69
100,Thomas Rhett,Craving You,17hd4ptJCbsEeLj0auPcwy,65
101,Megan Thee Stallion,Savage,55CHeLEfn5iJ0IIkgaa4si,93
102,Megan Thee Stallion,Captain Hook,1E3VQQWFQAPJkXfYHjqWoI,80
103,Megan Thee Stallion,Cash Shit (feat. DaBaby),2rMAtCaTj16NptyVfEIeAC,79
104,Megan Thee Stallion,Hot Girl Summer (feat. Nicki Minaj & Ty Dolla $ign),5N1o6d8zGcSZSeMFkOUQOk,77
105,Wiz Khalifa,"Y U Mad (feat. Megan Thee Stallion, Ty Dolla $ign & Mustard)",34TAFsrcHSBvLxhXZMBRSF,69
106,Megan Thee Stallion,B.I.T.C.H.,06scTb0zbkxYNgpAB3J9fN,73
107,Tyga,FREAK,0HIj0uo7zaFIpkzUIkDlmL,77
109,Moneybagg Yo,All Dat (with Megan Thee Stallion),2eukAOMjUM4pxnOdIsUia9,71
110,DaBaby,NASTY (feat. Ashanti & Megan Thee Stallion),3oHiR89Y8gn6xt3YGAAzFj,74
111,Maroon 5,Memories,2b8fOow8UzyDFAE27YhOZM,94
112,Maroon 5,Sugar,2iuZJX9X9P0GKaE93xcPjk,81
113,Maroon 5,She Will Be Loved - Radio Mix,4llK75pXNWZz6KAho2Gp16,80
114,Maroon 5,Girls Like You (feat. Cardi B),6FRLCMO5TUHTexlWo8ym1W,80
115,Maroon 5,This Love,6ECp64rv50XVz93WvxXMGF,76
116,David Fowler,Maroon 5 Medley,211A5PVAXg8Q2w5AyUOuZz,26
117,Maroon 5,This Summer - Maroon 5 vs. Alesso,4Fqf6sRaSGQppXHwO0gZs3,49
118,Rockabye Baby!,She Will Be Loved (Lullaby Rendition of Maroon 5),0csdUPgz4ngeR6gOaBYFJ6,28
119,Maroon 5,What Lovers Do,059Wt64p8D0fKhFujvBRLY,15
120,Maroon 5,Misery,4xeKATQfihQBeky4aKeqVD,8
121,Arizona Zervas,ROXANNE,696DnlkuDOXcMAnKlTgXXK,96
122,Arizona Zervas,FML,6lruHh1jF7ezgbLv72xYmf,84
123,Arizona Zervas,No I in Team,3ntcm3V9ByPKN6cstxXh80,74
124,Arizona Zervas,Drinking Problem (feat. 27CLUB),7piU1yHaKMD9PaOPvEymOr,71
125,Arizona Zervas,ROXANNE - Remix,5hC7h0yWVMkxhLbNXCscBR,72
126,Arizona Zervas,FML.,2DM24vOHKlLRaAcyCqw2tU,55
127,Arizona Zervas,Swerve,3TXYRNSjz8txG5rL5H9RWO,68
128,Arizona Zervas,LM$,7wBuTHeMvITB56U9cyVJc6,62
129,Arizona Zervas,Living Facts,12ZcHg4123ayLuXiShGyPA,61
130,Arizona Zervas,FAST,5fRyoUp0UOyt9OZqwao7tp,60
131,blackbear,hot girl bummer,7aiClxsDWFRQ0Kzk5KI5ku,90
132,blackbear,me & ur ghost,4yJiXq86uM56uIfIZgE440,82
133,blackbear,Idfc,6y6jbcPG4Yn3Du4moXaenr,81
134,blackbear,do re mi,3Q3myFA7q4Op95DOpHplaY,79
135,Trevor Daniel,Falling (blackbear Remix),59IUUAdjVbmq80Nkc3Q9Dx,77
136,blackbear,i miss the old u,1nMYtxDrONcoGnKRvxTwPv,74
137,Jeremy Zucker,talk is overrated,7cflqPPi3zWfLFRRBTWeh6,74
138,blackbear,1 SIDED LOVE,39bs2V8huzcmWoeSlHKZeP,73
139,Ellie Goulding,Worry About Me (feat. blackbear),0wsfdPl7p3yKjQBmHQsaDn,75
140,All Time Low,Monsters (feat. blackbear),0tyR7Bu9P086aWBFZ4QJoo,71
141,Lil Mosey,Blueberry Faygo,6wJYhPfqk3KGhHRG76WzOh,95
143,Lil Mosey,Stuck In A Dream (feat. Gunna),7iHHxY2NLlJRAmlAmC4ahQ,83
144,Lil Mosey,Noticed,7zLYKWcXnYeHHWidalz7rj,83
145,Lil Mosey,Kamikaze,3to5UxKsozb4T6CfwHuhLJ,77
146,Rvssian,Only The Team (with Lil Mosey & Lil Tjay),6UHfW9PmGAUjIVeIkPzPQ2,76
147,Lil Mosey,G Walk (with Chris Brown),7BxpObs6K7Yio5lVb3sMYX,76
148,Lil Mosey,Live This Wild,5fmTiyocDfiXbUZ4SpdXRm,74
149,Lil Mosey,Greet Her,0xNDvMqlGkOLEH66Z45FCL,71
150,Lil Mosey,Burberry Headband,3fB96InfRUB2DCjbrfzKUt,72
161,Gabby Barrett,I Hope,2Hc4t9N2nt37oO4sF9BynI,80
162,Gabby Barrett,The Good Ones,5OS2vP6hEJfp5bLzaWNkTj,66
163,Gabby Barrett,I Hope - feat. Charlie Puth,7ySPksJKRpoLlIaE31Yijc,57
164,Gabby Barrett,Rivers Deep,1y9jnUTgn4u8RzybqK8WFT,59
166,Gabby Barrett,Hall of Fame,0WsPsfiRpaT5A2agqFHDcm,34
169,Gabby Barrett,I Hope - Downtown Session,2jIuJZvhZhuX4uoQikOg1U,44
171,Tones And I,Dance Monkey,2XU0oxnq2qxCpomAAuJY8K,97
172,Tones And I,Never Seen The Rain,3FHLkTWV2QvC8J0YhX4muT,82
175,Tones And I,Bad Child,1qCmZnC1FUpNgOydIzqIPC,81
176,Tones And I,Johnny Run Away,7BooBD8k8ABLTFLzgxcT5G,68
177,Tones And I,Dance Monkey - Stripped Back,1ooBIqsmV1ocRldBZrvLPD,70
178,Tones And I,The Kids Are Coming,76bvw5EDyhm1b3dfsOToYG,69
179,Tones And I,Can't Be Happy All The Time,3Cwx1w1QYOuMOlx7xDmLcQ,64
180,Tones And I,Jimmy,4kRT3cCwp0uYEqh4hHvxZS,64
182,DaBaby,BOP,6Ozh9Ok6h4Oi1wUSLtBseN,88
183,Camila Cabello,My Oh My (feat. DaBaby),3yOlyBJuViE2YSGn3nVE1K,91
184,Lil Yachty,Oprah’s Bank Account (Lil Yachty & DaBaby feat. Drake),7wsmIIm0xWmtP7TmACXkJn,86
185,DaBaby,FIND MY WAY,1gVCEnryJhkdQcuC0Kbvor,81
186,DaBaby,PICK UP (feat. Quavo),5gNOINI5dXZVom2b36LMOd,80
187,DaBaby,JUMP (feat. YoungBoy Never Broke Again),0oT9ElXYSxvnOOagP9efDq,79
188,DaBaby,TOES (feat. Lil Baby & Moneybagg Yo),2FvD20Z8aoWIePi7PoN8sG,85
189,DaBaby,Suge,2gwkD6igEhQbDQegRCcdoB,84
190,DaBaby,VIBEZ,0fySG6A6qLE8IvDpayb5bM,85
191,Trevor Daniel,Falling,4TnjEaWOeW0eKTKIEvJyCa,96
194,Trevor Daniel,Mess,4Zc4kyc7VSdZNF9wFeBIcz,71
195,Trevor Daniel,Falling (Summer Walker Remix),3doHXO2n8mAW8XkIFeapTZ,69
196,Trevor Daniel,Past Life,3JjY4IgdeK1w8qMBm0yWyw,70
197,Trevor Daniel,Lovesick,0Yj16EfuGCjbbv6W31pQwk,68
198,Trevor Daniel,For You,2IuiwVQPn4r3g2FR5mfv1R,67
200,Trevor Daniel,Closure,05l7cyJvL9OTmwnRTFjYQ9,63
201,Blake Shelton,Nobody But You (Duet with Gwen Stefani),5M8goiFYynmNxhueYW6grR,77
202,Blake Shelton,Nobody But You (Duet with Gwen Stefani) - Acoustic,601fZrsuXVF0yxhCTaEKZf,58
204,Rod Wave,Heart On Ice,6fWa5CRgy0z30OeGZyMBvD,85
205,Rod Wave,Girl Of My Dreams,65QRS8iMQ1TsQ93fPZIZ4i,73
206,Rod Wave,Green Light,0by8c0tvXiwBHKkCpsvLNt,70
207,Rod Wave,Ribbon In The Sky,5qPfvvKDCoXG3rzgztsJQG,70
208,Rod Wave,Cuban Links,4ovta8hB5ymzzsR5EaCEdx,70
209,Rod Wave,Heart On Ice - Remix,1K2xWMZP8mgMXAR5SpcLQu,71
210,Rod Wave,Fuck The World,4zbSIYErBaRCPiZeodadtS,69
211,Rod Wave,The Last Sad Song,2ClAvIT4tIQtoBBJFgxO5Q,48
212,Rod Wave,The Greatest,4tnLapnaoDS46c9CBRUqpE,69
213,Rod Wave,Sky Priority,0F9at9W2UkP504cIxKE1K8,69
217,Karaoke Pro,High Fashion (Originally Performed by Roddy Ricch & Mustard) - Karaoke Version,7aHFoGOEbUXNbDZdEfP9A3,2
218,Karaoke Pro,High Fashion (Originally Performed by Roddy Ricch & Mustard) - Instrumental Version,5rDxOqwXAdOluIP8sfdhdm,1
219,Morgan Wallen,Whiskey Glasses,6foY66mWZN0pSRjZ408c00,81
220,Morgan Wallen,Chasin' You,5MwynWK9s4hlyKHqhkNn4A,81
221,Morgan Wallen,This Bar,7oSq5fbsFkTS9zeJQwMihf,77
222,Morgan Wallen,More Than My Hometown,6FniJZn4agmDtPx1pKZQsa,74
223,Morgan Wallen,Cover Me Up,47yypFbq6fu3yUvFoaf2UN,75
224,Morgan Wallen,The Way I Talk,21LRaD9rB3v7p7DDCZsW4y,74
225,Morgan Wallen,Up Down (feat. Florida Georgia Line),3EWMoDIm6lzuR0zQKtuCJX,74
226,Morgan Wallen,If I Know Me,03d8S7FBY2kIzhP0E7l4rn,72
227,Diplo,Heartless (feat. Morgan Wallen),5mTL8ZHcB2LJdlrR78xJYr,68
228,Morgan Wallen,Spin You Around,1yj1ZztSGITJ5Nf4mfH92c,67
229,Brett Young,Catch,53cGGBxGPaRjP0HVUESyW5,73
230,Brett Young,In Case You Didn't Know,10M2Ex445zw585Ducldzkw,74
232,Astrid S,I Do,6Qp1DSekiuxHbFoSsg9JIk,69
233,Brett Young,Mercy,2VIPU72L6tIR4w8J8ap6Kp,68
234,Brett Young,Like I Loved You,3T6MAweakkNrMYs8jZIWtg,67
235,Brett Young,Sleep Without You,7Ad0OLsUn63FoD4gnguZz5,66
238,Brett Young,Here Tonight,38nVuIj9mi5a8oopOJhSJk,65
239,SAINt JHN,Roses - Imanbek Remix,7fPuWrlpwDcHm5aHCH5D9t,87
240,SAINt JHN,Trap,1pChm8ih9LlKhWncBJ6HLr,72
241,SAINt JHN,Roses,0easEmosKkPhksg0qidzXo,75
242,SAINt JHN,Monica Lewinsky,1rS0eq80peCPCgfT2t0Kmm,70
243,Blue Ivy,BROWN SKIN GIRL,0B3FovCVaGKS5w1FTidEUP,70
244,SAINt JHN,Reflex,14FwKi5Lh5HRXeo6VNXlaN,66
245,SAINt JHN,Anything Can Happen,1S2zNPB4JaGsinUjdlwn1a,64
246,SAINt JHN,I Heard You Got Too Litt Last Night,4A5owiyEiYxDuDPvTrRCxS,63
247,SAINt JHN,5 Thousand Singles,4GErqtrdgp4w2z984cReZl,63
248,SAINt JHN,Trap (feat. Lil Baby),0mnVrUP1TAoO223C0N2NYI,61
249,Lady Gaga,Stupid Love,2kJu14V7hbZw3I4K8L8SXb,90
250,Lady Gaga,Shallow,2VxeLyX666F8uXCJ0dZF8B,87
251,Lady Gaga,Bad Romance,0SiywuOBRcynK0uKGWdCnn,80
252,Lady Gaga,Million Reasons,7dZ1Odmx9jWIweQSatnRqo,79
253,Lady Gaga,Always Remember Us This Way,2rbDhOo9Fh61Bbu23T2qCk,80
254,Lady Gaga,Shallow - Radio Edit,6QfS2wq5sSC1xAJCQsTSlj,78
255,Lady Gaga,Smile - One World: Together At Home,7gmyhgx5iQxeZhn9U74l1a,59
256,Chief Keef,Lady Gaga,0RDhPQ1KK2zVdpyaF5buyv,21
257,Beyoncé,Video Phone (feat. Lady Gaga),2nX9948PslVYrrHUf6w0eL,53
258,Chester French,Lady Gaga Love Game Remix,6Y3oteyeXT1MpcuOdy2kN1,24
259,Dan + Shay,"10,000 Hours (with Justin Bieber)",2wrJq5XKLnmhRXHIAf9xBa,90
260,Arcade Player,"10, 000 Hours (16-Bit Dan + Shay & Justin Bieber Emulation)",3Y4hhzxZtY8g4KvO3kcPKn,18
261,Dan + Shay,"10,000 Hours (with Justin Bieber) - Piano",6HjF1gzVEZMb4GplnGl9B3,71
262,DJ D MAN Xtreme,"10, 000 Hours (I'd Spend Ten Thousand Hours and Ten Thousand More) Originally Performed by Dan + Shay & Justin Bieber",3Q8uv6qS297DD2tC8xTp7D,0
263,Dan + Shay,"10,000 Hours",6tpKWKiK6nwGHcc4CA3wpC,27
264,8-Bit Arcade,"10, 000 Hours (8-Bit Dan + Shay & Justin Bieber Emulation)",3O3sUq71gXy2eePY19fQ53,7
265,Sing2Piano,"10,000 Hours (Originally Performed by Dan + Shay & Justin Bieber) - Piano Karaoke Version",0WNZTrC2Jui4dOS7IeugzA,13
266,Karaoke Pro,10000 Hours (Originally Performed by Dan + Shay & Justin Bieber) - Instrumental Version,7gyZhjKLjhId5utgiAEndv,13
267,Vox Freaks,"10,000 Hours (Originally Performed by Dan and Shay and Justin Bieber) [Instrumental]",7DV1NcdBJQuGpLQlL1ZOLH,6
268,Karaoke Pro,10000 Hours (Originally Performed by Dan + Shay & Justin Bieber) - Karaoke Version,1CMQrNTQ7lYQ66u1DadtfN,6
279,Jack Harlow,WHATS POPPIN,1jaTQ3nqY3oAAYyCTbIvnM,92
280,Jack Harlow,THRU THE NIGHT (feat. Bryson Tiller),1AgSUWSzmza5jF6ER5R68v,73
281,Jack Harlow,I WANNA SEE SOME ASS (feat. jetsonmade),2aWVaW1p2kUc5yuKwBmRJi,73
282,Jack Harlow,SUNDOWN,0ipgd8PPFza3NNmN3Rn2uF,67
283,Jack Harlow,HEY BIG HEAD,3FWIAl04a9ySFhk4HH15ov,66
284,Jack Harlow,2STYLISH,0qoxr5PUFbDqGLHIpEnWAr,64
285,Jack Harlow,SMELLS LIKE INCENSE,5xAR2kje4pVMHz0ipvp2VA,63
286,Jack Harlow,WARSAW (feat. 2forwOyNE),2ihL1KGMA0geIqGT5pkZzo,63
287,Jack Harlow,OUT FRONT,6ukXwaLZoMjeqA98ZdKLtq,63
288,Jack Harlow,HEAVY HITTER,7zJld1LpGmLsPt8IGOc0KL,60
289,Ingrid Andress,More Hearts Than Mine,0LcspVKJxhEQQSvVMiTPWz,74
291,Ingrid Andress,The Stranger,6lJQpz7R61Yn05aa7bKZ3k,65
292,Ingrid Andress,Lady Like,33UI8dgfkDOf32DWBH1GL0,61
294,Ingrid Andress,Both,6J6TFz0DLTFLo8UYzlvn6W,54
296,Ingrid Andress,We're Not Friends,5rwrtdf4pjvaE96LiZ85KB,51
298,Ingrid Andress,Anything But Love,2On00qNEMTIGxOGKYHS6r2,50
309,Sam Hunt,Body Like A Back Road,7mldq42yDuxiUNn08nvzHO,78
310,Sam Hunt,Kinfolks,53F1MVa1BWUkTBbVqgVAfN,76
311,Sam Hunt,House Party,1TwLKNsCnhi1HxbIi4bAW0,74
312,Sam Hunt,2016,5ehN5A3B3lDwmFCYO63Wk6,74
313,Sam Hunt,Hard To Forget,10xuH52YSXHWFwCaF1fsDd,72
314,Sam Hunt,Break Up In A Small Town,7aftSOGSOpSoIlVAQVBb71,71
316,Sam Hunt,Young Once,2Q04BmXs7Sr7ThizTmERj6,69
317,Sam Hunt,Make You Miss Me,0xwPzLmBAYro8BUz7MrtAo,69
318,Sam Hunt,Hard To Forget - Radio Edit,6ITrZx7zVGgrADDD1lksjw,69
319,Demi Lovato,I Love Me,2IHLaN6wwYKQ3S24NsQqpA,85
320,Sam Smith,I’m Ready (with Demi Lovato),1fipvP2zmef6vN2IwXfJhY,86
321,Demi Lovato,Sorry Not Sorry,7gvd8xj4QgPqbQSsn5pV7d,80
322,Demi Lovato,Stone Cold,56twMOlq9DJc3EgpVUVIrW,78
323,Demi Lovato,Confident,0Mn3amMRMoabaoTf1Publ4,76
324,Demi Lovato,Sober,0STK94RxUulYqWzwFlyAb5,77
325,Demi Lovato,Anyone,18ssFhD04lWo1RzpcohnrG,74
326,Demi Lovato,Heart Attack,1V6gIisPpYqgFeWbMLI0bA,75
329,Jordan Davis,Slow Dance In A Parking Lot,6MBUUSIWCzaXW4q58Ktrv9,77
330,Jordan Davis,Cool Anymore,4H1ScKTo6abUt8yTXDewct,74
331,Jordan Davis,Singles You Up,4LiMQ6G9n84rDUBs9wtwz6,73
332,Jordan Davis,Take It From Me,3dCZm5HrG0jIXAHfNkg2H0,72
334,Jordan Davis,Detours,1xt5FBy475sGBgWEfMtUCL,64
337,Jordan Davis,Singles You Up - Ryan Riback Remix,3clfDJ1mvmbSTg9jw40wan,54
338,Jordan Davis,Going 'Round,533eZXKFBL7Lpk5zMIqxCB,52
339,YNW Melly,Suicidal (Remix) [feat. Juice WRLD],4S2uhQE8L9V6p7rj7SiauJ,88
341,Surfaces,Sunday Best,1Cv1YLb4q0RzL6pybtaMLo,96
342,Surfaces,Take It Easy,5Pgq1Gfeth2CuUhyCXwlfC,76
343,Surfaces,Heaven Falls / Fall on Me,7yHqOZfsXYlicyoMt62yC6,72
344,Surfaces,24 / 7 / 365,0ClnfM4PI0wjlCVTJc9lP7,72
345,Surfaces,Good Day,7iTwzSe2fg5xYwCgXXFkEe,69
347,Surfaces,Shine On Top,4xgtWOWGwxehDX8S21di2K,65
348,Surfaces,Keep It Gold,2yUx1yDodVaZ7owq8JomOZ,64
349,Surfaces,Grace,3o30X8AntmyFOmUedcfUXt,64
350,Surfaces,This View,4O7caZhpneiM52gAlCsTpq,64
361,Kane Brown,Heaven,1HXy5I3HTWq8OvxCn0z7G7,78
362,Marshmello,One Thing Right,4hPpVbbakQNv8YTHYaOJP4,82
363,Kane Brown,What Ifs (feat. Lauren Alaina),7zVCrzzEJU7u24sbJPXA5W,77
364,Kane Brown,Homesick,30RZAuEkYeDXvy46Iv6l7E,76
365,Kane Brown,Good as You,19kUPdKTp85q9RZNwaXM15,75
366,Kane Brown,Last Time I Say Sorry,3gAaDDoBipWZzGBMwK194e,75
367,Kane Brown,Lose It,7epGknfpAlH1u33S71Ur1o,72
368,Kane Brown,Like a Rodeo,7z3dPHwGxeK4fD6fYFDwiS,71
369,Kane Brown,Cool Again,5P3oaNpPDVLRJsL3152SEs,62
370,Kane Brown,For My Daughter,2moC0T4mGwmP8dUDostr2g,69
371,Jerry Douglas,Big Bug Shuffle,5WVP8Xj7p7oDYaXNhM359r,33
372,Russ Ballard,Voices,6IFbK2rJxSeimg1knh6diB,33
373,Jerry Douglas,Big Sciota,3bwRblhAbbkQ8GoL7YatI7,25
374,Jerry Douglas,The Hymn Of Ordinary Motion,33SMTG9ZBfmswDYP9HPOMN,23
375,Russ Ballard,In the Night,224J7iAYYAPObPzjtPtJ1u,27
376,Russ Barenberg,Through The Gates,0p3L6QwRf4uVcInwtd6vrz,22
377,Russ Barenberg,Return To The Brandywine,1FlFA8FtyqsjqD1NuLybLQ,22
378,Russ Barenberg,Magic Foot,0ZhLUDEcCYSyYEMJpFHQ4d,20
379,Jerry Douglas,Squeezy Pig,4NJXYXccxMbga8RANie209,18
380,Jerry Douglas,From Ankara To Izmir,73JMh1v5zQ75NXZUtS9B27,17
381,Halsey,You should be sad,7lidXGPXPYLNThITAOTlkK,91
382,Halsey,Without Me,5p7ujcrUXASCNwRaWNHR1C,85
383,benny blanco,Eastside (with Halsey & Khalid),0d2iYfpKoM0QCKvcLCkBao,84
384,Halsey,Graveyard,2ufmtcIFdFpuUYBPXK5f67,83
385,The Chainsmokers,Closer,7BKLCZ1jbUBVqRi2FVlTVw,85
386,Post Malone,Die For Me (feat. Future & Halsey),2C6WXnmZ66tHhHlnvwePiK,79
387,BTS,Boy With Luv (feat. Halsey),5KawlOMHjWeUjQtnuRs22c,84
388,Halsey,Bad At Love,7y9iMe8SOB6z3NoHE2OfXl,76
389,Kelsea Ballerini,the other girl (with Halsey),3CS5zwqrjggxlRD0QGJAva,76
391,Pop Smoke,Dior (with Gunna) - Remix,5R9k9x85lAYbamdUoKAJvj,82
392,Pop Smoke,Dior,79s5XnCN4TJKTVMSmOx8Ep,85
393,JACKBOYS,GATTI,40mjsnRjCpycdUw3xhS20g,81
394,Pop Smoke,Shake The Room (feat. Quavo),7rSnKi58HPIVC0FVyh04Q1,79
395,Pop Smoke,Welcome To The Party,0fIffclhgJC5h8AdMMVvkp,77
396,Pop Smoke,Element,57BGVV6wcyhbn3hsjlqEZB,72
397,Pop Smoke,Invincible,792HwhrdO3ErRKL5yRe4Ge,73
398,Pop Smoke,Foreigner (feat. A Boogie Wit da Hoodie),7iBKCNKl5UjxfOgyxnQ6q6,69
399,Pop Smoke,Wolves (with NAV),1dnsojUNfvhiztcITLzruj,72
400,Pop Smoke,War,0JhonNQL2ixH1JcsgEj4Hn,69
402,Lil Baby,Heatin Up (feat. Gunna),7KSSdFCBHCfq4KPzz78ghk,83
403,Lil Baby,Drip Too Hard (Lil Baby & Gunna),78QR3Wp35dqAhFEc2qAGjE,83
404,Lil Baby,Woah,598yNsG1JFrGd4n2kMoz7F,82
405,Lil Baby,Commercial (feat. Lil Uzi Vert),3tDqEKKUs6gf8zMvSuLyLA,81
406,Lil Baby,Sum 2 Prove,2u3EyuCqqV31woqGvO9LBz,80
408,Lil Baby,All In,1ZRjLZcNTm1vUgrexBp3px,66
409,Lil Uzi Vert,Baby Pluto,7hav1MHURQf5SAoPk0egqh,84
410,Lil Baby,Emotionally Scarred,7ge7BHazYbVKi8qyZUX1Bm,79
411,Jake Owen,Homemade,31JID2STTlLuFqXFWHyM8e,72
412,Jake Owen,Barefoot Blue Jean Night,3ts6xK5GzfMAAriT9AIBmP,72
413,Jake Owen,Down To The Honkytonk,5g0XcG0apQTlO3X8r38vGf,71
414,Jake Owen,Made For You,7vF3xkCMvZjAe2nTWY0uQZ,69
415,Jake Owen,I Was Jack (You Were Diane),3dlCF1mzW1UKMOb4b1XN17,66
416,Jake Owen,American Country Love Song,0O1x2tRm8ZpfDbcpOWZp7z,64
417,Jake Owen,Beachin',5dNGORzxFb5z3v7vSAFkTU,63
418,Jake Owen,Anywhere With You,2yWtLaPCOUDyi7f1lOXCn5,59
419,Jake Owen,Eight Second Ride,0XjXQDJpajDzCdpazp1562,58
420,Jake Owen,The One That Got Away,7oizkVPKiJYU5CyTjrcVp0,57
421,Arcade Player,Believe It (16-Bit PARTYNEXTDOOR & Rihanna Emulation),3Bt7iyR1JmMzsCzo9HBQYm,0
422,8-Bit Arcade,Believe It (8-Bit PARTYNEXTDOOR & Rihanna Emulation),1F871dQorQaG1QdLyQKeU4,2
423,Bad Bunny,Yo Perreo Sola,0SqqAgdovOE24BzxIClpjw,94
424,Bad Bunny,Safaera,2DEZmgHKAvm41k4J3R2E9Y,95
425,Bad Bunny,Si Veo a Tu Mamá,41wtwzCZkXwpnakmwJ239F,92
426,Bad Bunny,La Difícil,6NfrH0ANGmgBXyxgV2PeXt,93
427,Bad Bunny,La Santa,69vlMrzHwATKzupwNcUPyK,90
428,J Balvin,LA CANCIÓN,6Arg7acdyODBaueMKZsPW5,7
429,Bad Bunny,Callaita,2TH65lNHgvLxCKXM3apjxI,87
431,Bad Bunny,Pero Ya No,75pQqzwgCjUOSSy5CpmAjy,86
432,Bad Bunny,Ignorantes,38RIEav39FGi86jppxO0du,87
433,Luke Bryan,Play It Again,03fT3OHB9KyMtGMt2zwqCT,76
434,Luke Bryan,Knockin' Boots,6ERR6e7h6wCqGoz1TjiUJb,75
435,Luke Bryan,Country Girl (Shake It For Me),0yD66650JxhqKbW76C2qCo,73
436,Luke Bryan,What She Wants Tonight,5M3v6frAiTyqenNAeQVcxC,73
437,Luke Bryan,That's My Kind Of Night,5HGibWoxnkYSkl6mHmAlOE,71
438,Florida Georgia Line,This Is How We Roll,2TR7A4ulH9R1PNwMyd8o8U,70
439,Luke Bryan,One Margarita,6NhS5LwYbJ6xD7BGvlWRJO,70
440,Luke Bryan,"Sunrise, Sunburn, Sunset",53yTYusPQJ1AApL1hi0Dnc,70
441,Luke Bryan,Most People Are Good,79LAFAkR1ATb4iIQvZuCL0,68
442,Luke Bryan,"Huntin', Fishin' And Lovin' Every Day",0dbzWSYpMcRtwjI1S7Pkql,68
463,DJ D MAN Xtreme,Tusa (Latin) Originally Performed by Karol G & Nicki Minaj,2RooXoHfcz67nnWv0q5vAj,0
464,KAROL G,Tusa,0MvxgmXHMXh70GpnR0mKkT,55
466,8-Bit Arcade,Tusa (8-Bit Karol G & Nicki Minaj Emulation),6Wna1oIC9IvMjt8b5pnkPO,5
467,Arcade Player,Tusa (16-Bit Karol G & Nicki Minaj Emulation),2o4I3OB84vagkpn2uTFlLi,2
468,Vox Freaks,TUSA (Originally Performed by KAROL G and Nicki Minaj) [Instrumental],6af71u0pGR3ztfOdtQDM9U,9
469,Karaoke Pro,Tusa (Originally Performed by Karol G & Nicki Minaj) - Instrumental Version,2m8xp1aYIQwfbtasOkUstq,6
470,Karaoke Pro,Tusa (Originally Performed by Karol G & Nicki Minaj) - Karaoke Version,6IldtslMnSoZhr9ftjFFrs,6
471,Fusion 10015,Tusa (Vocal Tribute Version Originally Performed By KAROL G and Nicki Minaj),2z1hXuxxYcGfigclhxAHQn,0
472,Fusion 10015,Tusa (Instrumental Tribute Version Originally Performed By KAROL G and Nicki Minaj),6beWNNgfCdnbA33veDdEtt,0
483,Summer Walker,Come Thru (with Usher),3TTMUI5dFcbeNSDTTDY9M8,79
485,Travis Denning,After A Few,1z6wl2rwKatfmza6usanWw,72
486,Travis Denning,David Ashley Parker From Powder Springs,4fhKaRCxbWXA3BwAr3Zxjx,63
487,Travis Denning,Tank Of Gas And A Radio Song,0a7dqjPE3kZrjYFXFI6ORR,57
488,Travis Denning,ABBY,6QD7xOu1N8s2NVOKqn6je8,55
489,Travis Denning,Heartbeat Of A Small Town,5G01t1U46dv9Ue7mhMt7vS,52
490,Travis Denning,"Red, White And Blue",0abANNHp13fykWCm2PRDN6,49
491,Travis Denning,After A Few - Acoustic,1QlCoMbHLtEQhpuUBS6BVQ,48
492,Travis Denning,David Ashley Parker From Powder Springs - Acoustic,6OEVxEkTxpk3cG1ecIUeTX,35
493,Travis Denning,Ballad of Rudolph,5CHS1H8CLFZOB0vkj4QIls,23
495,Jhené Aiko,B.S. (feat. H.E.R.),63wx9vdskaXbYxyDx4oJCZ,82
496,Jhené Aiko,P*$$Y Fairy (OTW),48KXAIruJ07kJVCWOGohMV,78
497,Jhené Aiko,Sativa,2pg2TiYo9Rb8KeB5JjP7jS,75
498,Summer Walker,I'll Kill You (feat. Jhené Aiko),7EkiMl81fUHVwpItgtzI4r,73
499,Jhené Aiko,Happiness Over Everything (H.O.E.) (feat. Future & Miguel),3Wol2exesJNRrj6hGZ6R8s,74
500,Jhené Aiko,Triggered (freestyle),3zPgAKn5tbmCuCKrR3r7qE,72
501,Jhené Aiko,While We're Young,4mL59LVbKgOpEACxraGYdr,72
502,Drake,From Time,0GaBIpyHvytM1UBYmqXu08,70
503,Jhené Aiko,None Of Your Concern (feat. Big Sean),75MSZRbAbQuzfUV3Pefvut,72
505,Lil Uzi Vert,P2,3kW4z2pIj5VY5fLjBrMRL5,89
506,Lil Uzi Vert,Myron,56uXDJRCuoS7abX3SkzHKQ,88
507,Lil Uzi Vert,Lo Mein,6CUP2khYzdphXebxVTfPE3,84
508,Lil Uzi Vert,That Way,5raTDhlbxFDnpn89bxArdH,85
510,Lil Uzi Vert,Sasuke,0ROE31C8Wu4neZoR9stM9e,0
511,Lil Uzi Vert,XO Tour Llif3,7GX5flRQZVHRAGd6B4TmDO,85
512,Lil Uzi Vert,Bean (Kobe) [feat. Chief Keef],0IpnZchq8ek2A6pGEP2Qb1,81
514,Lil Uzi Vert,Yessirskiii,59JWp4PjZ9TRM8cmtaDYB1,81
526,Dua Lipa,Future Nostalgia,6zrJLhslleCHby0wbUnvVy,81
527,DaBaby,LIGHTSKIN SH*T (feat. Future & jetsonmade),16oi4OiKmkO51l60F5R9kR,77
528,Future,"Life Is Good (feat. Drake, DaBaby & Lil Baby) - Remix",4iiWcajF1fEUpwcUewc464,83
530,Future,Fine China,5274I4mUMnYczyeXkGDWZN,79
531,Young Thug,Relationship (feat. Future),25oOaleife6E2MIKmFkPvg,82
532,Lil Baby,Live Off My Closet (feat. Future),6AyWdCtEn1DdxjnxPeojR2,77
533,Future,Tycoon,1c9hQ4jqgVP10plon2B259,77
534,Lil Uzi Vert,Wassup (feat. Future),19Ec2gbNtQTE44IizcPjtD,76
555,Alicia Keys,No One,6IwKcFdiRQZOWeYNhUiWIv,80
556,Alicia Keys,Underdog,3FGiFUJRRp5RGikVrs6kig,83
557,Alicia Keys,If I Ain't Got You,3XVBdLihbNbxUwZosxcGuJ,79
558,Usher,My Boo,68vgtRHr7iZHpzGpon6Jlo,77
559,JAY-Z,Empire State Of Mind,2igwFfvr1OAGX9SKDCPBwO,79
560,Alicia Keys,Girl on Fire,4esOae7i4rqTbAu9o5Pxco,77
561,Alicia Keys,Fallin',3unsLiH5FXmaDWtT5Imolu,74
562,Alicia Keys,Show Me Love,0XPlSuCVQ1nOhzTpFgnDSz,68
563,Alicia Keys,Good Job,3H68NURFkJOaG0woWCK2sL,59
564,Alicia Keys,Empire State of Mind (Part II) Broken Down,5sra5UY6sD658OabHL3QtI,75
567,3 Dope Brothas,"Oprah's Bank Account (Originally Performed by Lil Yachty, DaBaby and Drake) [Instrumental]",0O5F2GFrGRxfxGMDkAW26O,20
568,Miranda Lambert,Bluebird,0kPeZAyIhIfeZNrtfjJGDB,74
569,Miranda Lambert,Automatic,0B0y2FImat9j9MJTNRZWfW,67
570,Miranda Lambert,The House That Built Me,02eD9ymfJOJOhM97HYp5R9,67
571,Miranda Lambert,Mama's Broken Heart,2mXsZsJBThTaJXbNcg5QD4,67
572,Jason Aldean,Drowns The Whiskey (feat. Miranda Lambert),2dwoqUYTy6SOy1dFqcTndC,66
573,Miranda Lambert,Tin Man,4ckQIgBy1gVeevf7UAereE,63
574,Miranda Lambert,Somethin' Bad (with Carrie Underwood) - (Duet with Carrie Underwood),6s9m5J92By7jii22Q2XtY2,63
575,Miranda Lambert,It All Comes Out in the Wash,41FLEFSeRCv19OBn0vLiaH,63
576,Miranda Lambert,Gunpowder & Lead,3z1PqYwMtct2Dm4R9lhWnT,60
577,Miranda Lambert,Vice,4Qtw0HNKSbIRT5sWUnbRXc,59
619,Taylor Swift,You Need To Calm Down,6RRNNciQGZEXnqk8SQ9yv5,84
620,Taylor Swift,The Man,3RauEVgRgj1IuWdJ9fDs70,83
621,Taylor Swift,Lover,1dGr1c8CrMLDpV6mPbImSI,83
622,Taylor Swift,ME! (feat. Brendon Urie of Panic! At The Disco),2Rk4JlNc2TPmZe2af99d45,84
623,Taylor Swift,I Forgot That You Existed,43rA71bccXFGD4C8GOpIlN,78
624,Taylor Swift,Lover (Remix) [feat. Shawn Mendes],3i9UVldZOE0aD0JnyfAZZ0,80
625,Taylor Swift,Cruel Summer,1BxfuPKGuaTgP7aM0Bbdwr,76
626,Taylor Swift,Delicate,6NFyWDv5CjfwuzoCkw47Xf,76
627,Taylor Swift,Only The Young - Featured in Miss Americana,2slqvGLwzZZYsT4K4Y1GBC,77
628,Taylor Swift,The Archer,3pHkh7d0lzM2AldUtz2x37,74
629,8-Bit Arcade,Last Time I Say Sorry (8-Bit Kane Brown & John Legend Emulation),2qZmrBAPKoKmwX1SEiF66V,17
630,Arcade Player,Last Time I Say Sorry (16-Bit Kane Brown & John Legend Emulation),7ftjvM8B1nCieaGThklSsO,1
631,Vox Freaks,Last Time I Say Sorry (Originally Performed by Kane Brown and John Legend) [Instrumental],6MIgmxjvmfznNVelWqS5Ug,12
632,Karaoke Pro,Last Time I Say Sorry (Originally Performed by Kane Brown & John Legend) - Karaoke Version,3JjC8se68bp5skSOkw1pUb,5
633,Karaoke Pro,Last Time I Say Sorry (Originally Performed by Kane Brown & John Legend) - Instrumental Version,43TBnnAoAb3CU2MWZUOUd0,1
644,Dustin Lynch,Ridin’ Roads,2VPmBOuy7ZAOFSzKwW2IEt,75
645,Dustin Lynch,Small Town Boy,2YMhrXQYKkm4kXLcXKKd5z,74
646,Dustin Lynch,Good Girl,3NgcaTIgVh77DdwAInp996,72
647,Dustin Lynch,Momma’s House,51FVpJr3WL7vvdfCa7j2jr,71
648,Dustin Lynch,Thinking 'Bout You (feat. Lauren Alaina),6NebrV4ZigAoXIRbe11hxh,67
649,Dustin Lynch,I'd Be Jealous Too,7rdK9NSJIRBZAiXC0vuBS9,66
650,Dustin Lynch,Where It's At,4whYDpJ5XVQpmvecbEHP5Q,63
651,Dustin Lynch,Cowboys and Angels,5ksoJlQJtduEkwQTo7UN7X,61
652,Dustin Lynch,Mind Reader,2MNapHbu7QASoukvVVIxyr,60
653,Dustin Lynch,Seein' Red,7pxhKtuTwofDIdgHx2DcVK,60
664,Kenny Chesney,Get Along,6n6OQfBpCgzF9oEg8zhBN7,72
665,Kenny Chesney,Here And Now,0NSwXfEWMG7HIRvXioGu03,73
666,Kenny Chesney,American Kids,1dgWTMoHwTUnQhOQ8SR5fV,71
667,Kenny Chesney,All the Pretty Girls,66pxmg3Jhjm09tHoWR1wVR,70
668,Kenny Chesney,Tip of My Tongue,40ufL61vEaDaaOitYhnlQ7,69
669,Kelsea Ballerini,half of my hometown (feat. Kenny Chesney),1yRke3PmsyFrYlFZOAkABk,68
670,David Lee Murphy,Everything's Gonna Be Alright,2NEBP8SXEqwZt2PRdPXXuy,67
671,Kenny Chesney,Guys Named Captain,0xQKwuJHobmJAsQoEXDU6C,56
672,Kenny Chesney,We Do,3vyIxonYVLO85S3vokc86a,51
673,Kenny Chesney,Knowing You,2ik2PrTCnIXjhE1xbPQup5,42
674,Justin Bieber,Intentions,364dI1bYnvamSnBJ8JcNzN,93
676,Justin Bieber,Intentions (feat. Quavo),4umIPjkehX1r7uhmGvXiSV,91
678,Justin Bieber,Yummy,41L3O37CECZt3N7ziG2z7l,90
679,Ed Sheeran,I Don't Care (with Justin Bieber),3HVWdVOQ0ZA45FuZGSfvns,87
681,Yung Gravy,Justin Bieber Wrist,1Lg8ayJsmrTHzf619nSugF,58
682,Billie Eilish,bad guy (with Justin Bieber),3yNZ5r3LKfdmjoS3gkhUCT,81
683,DJ Khaled,"I'm the One (feat. Justin Bieber, Quavo, Chance the Rapper & Lil Wayne)",1jYiIOC5d6soxkJP81fxq2,69
695,Lil Baby,Close Friends (Lil Baby & Gunna),5nzhL67GpF9szXWg5y509A,77
696,Polo G,Pop Out Again (feat. Lil Baby & Gunna),2VIMXmWUIqhMqg6h5FOFPG,70
697,Lil Baby,"Never Recover (Lil Baby & Gunna, Drake)",6wWaVoUOzLQJHd3bWAUpdZ,72
698,Lil Baby,I Am (Lil Baby & Gunna),3F57PtOdqRpD6euFYqtKXX,62
699,Lil Baby,Business Is Business (Lil Baby & Gunna),7roKDmJDOzkpfGpUQJ5EnL,61
700,Lil Baby,Off White VLONE (Lil Baby & Gunna feat. Lil Durk & NAV),6PoKfDY78ih5OveWirggRX,63
701,Lil Baby,Belly (Lil Baby & Gunna),1yQvL8SzbF5JCroRKk9F07,58
702,Gunna,World Is Yours (Lil Baby & Gunna),0p0jvYdazuWBMC8QacxpUH,56
703,Lil Baby,Deep End (Lil Baby & Gunna),16QjPRt5HYK0dnLGmGRCvf,56
704,Jonas Brothers,What A Man Gotta Do,4wNIkl5XGiAACjFBlDWuSd,89
705,Jonas Brothers,Sucker,22vgEDb5hykfaTwLuskFGD,87
706,Jonas Brothers,Only Human,0DiDStADDVh3SvAsoJAFMk,84
707,Jonas Brothers,Cool,7yfi8B8opXjnRh4VZnOkz9,75
708,Diplo,Lonely (with Jonas Brothers),0prJ6Nafa5rklRc8rZUNSG,69
709,Jonas Brothers,I Believe,1vYh9x8UmFTLbXiizk9Qc5,73
710,Jonas Brothers,Burnin' Up,2VEsmoek0sol9MnJFyoG9e,71
712,Jonas Brothers,S.O.S.,7wNv1WR2f5BSPGvWAz7L5n,2
713,Jonas Brothers,Year 3000,4zP7ADsgJgHGY6VzxbNp1z,69
724,Lil Baby,Grace (feat. 42 Dugg),01JMnRUs2YOK6DDpdQASGY,75
726,42 Dugg,Not Us (feat. Lil Baby & Peewee Longway),42S4yqDnXp1U1xDp2WofTH,44
727,42 Dugg,Not A Rapper,0qnHywpYq7D2SGMpuHEasL,62
729,RoleyGangBlue,"Fuck the City Up (feat. BabyFace Ray, 42 Dugg & Lil B)",6NkAnZjLb3axxBNEIRMYn5,21
